<?xml version="1.0" encoding="UTF-8"?>
<!DOCTYPE mapper PUBLIC "-//mybatis.org//DTD Mapper 3.0//EN"
"http://mybatis.org/dtd/mybatis-3-mapper.dtd">



<mapper namespace="CalendarDao">
	<select id="calendarList" resultType="com.group.exam.calendar.vo.CalendarVo">
		select calendar_seq , calendar_title, 
		TO_char(calendar_day, 'YYYY-MM-DD') calendar_day
		FROM CALENDAR
		
	</select>
	
	<select id="boardByDate" parameterType="java.util.HashMap" resultType="com.group.exam.calendar.vo.CalendarBoardVo">		
		<![CDATA[
			select * from
			(select ROWNUM rn, B.BOARD_SEQ, B.BOARD_TITLE, M.MEMBER_NICKNAME, B.BOARD_COUNT, B.BOARD_LIKE
			from MEMBER M
			right join BOARD B
			on M.MEMBER_SEQ = B.MEMBER_SEQ
			where TO_char(B.BOARD_REG_DAY, 'YYMMDD') = #{date})
 			where rn BETWEEN #{rowStart} and #{rowEnd} 
 			ORDER BY BOARD_SEQ DESC 
		]]>
	</select>
	
	<select id="boardByDateTotal" resultType="Integer">
		<![CDATA[
			select count(*) FROM board where TO_char(BOARD_REG_DAY, 'YYMMDD') = #{date}
		]]>
	</select>
	
	
	
	<select id="boardCountForInsertCalendar" parameterType="String" resultType="Integer">
		select count(*) FROM board where TO_char(BOARD_REGDAY, 'YYMMDD') = #{regday})
	</select>
	
	<insert id="ifCountNull" parameterType="Integer">
		insert into calendar(calendar_seq, calendar_title, calendar_day) values (c_seq.nextval, #{count}, #{regday})
	</insert>
	
	<update id="ifCountNotNull" parameterType="HashMap">
		update calendar set calendar_title = #{count} where to_char(calendar_day, 'YYMMDD') = #{regday} 
	</update>


</mapper>
