<?xml version="1.0" encoding="UTF-8"?>
<!DOCTYPE mapper PUBLIC "-//mybatis.org//DTD Mapper 3.0//EN"
"http://mybatis.org/dtd/mybatis-3-mapper.dtd">

<mapper namespace="ReplyDao">
	<select id="replySelect" parameterType="Long" resultType="replyVo">
		select member_nickname, reply_content, to_char(reply_reg_day, 'yyyy.mm.dd') reply_reg_day from reply A, member B where A.member_seq = B.member_seq and BOARD_SEQ = #{boardSeq}
	</select>
	
	<select id="replyCount" parameterType="Long" resultType="Integer">
		select count(*) from "REPLY" where board_seq = #{boardSeq}
	</select>
	
	<insert id="replyInsert" parameterType="replyVo">
		insert into "REPLY" (reply_SEQ, BOARD_SEQ, MEMBER_SEQ, reply_CONTENT, reply_REG_DAY) 
		values (reply_SEQ.nextval, #{boardSeq}, #{memberSeq}, #{replyContent}, sysdate)
	</insert>
	<update id="replyUpdate" parameterType="replyVo">
		update "REPLY" 
		set reply_CONTENT = #{replyContent} where reply_seq = #{replySeq}
	</update>
	<delete id="replyDelete" parameterType="Long">
		delete from "REPLY" where reply_SEQ=#{replySeq}
	</delete>
</mapper>