<?xml version="1.0" encoding="UTF-8"?>
<beans xmlns="http://www.springframework.org/schema/beans"
	xmlns:xsi="http://www.w3.org/2001/XMLSchema-instance"
	xmlns:tx="http://www.springframework.org/schema/tx"
	xmlns:task="http://www.springframework.org/schema/task"
	xmlns:context="http://www.springframework.org/schema/context"
	xsi:schemaLocation="http://www.springframework.org/schema/task 
	http://www.springframework.org/schema/task/spring-task-4.3.xsd
		http://www.springframework.org/schema/beans 
		https://www.springframework.org/schema/beans/spring-beans.xsd
		http://www.springframework.org/schema/context 
		http://www.springframework.org/schema/context/spring-context-4.3.xsd
		http://www.springframework.org/schema/tx 
		http://www.springframework.org/schema/tx/spring-tx.xsd">

	<tx:annotation-driven
		transaction-manager="transactionManager" />
		
	<bean id="dataSource"
		class="com.mchange.v2.c3p0.ComboPooledDataSource"
		destroy-method="close">
		<property name="driverClass" value="oracle.jdbc.OracleDriver" />
		<property name="jdbcUrl"
			value="jdbc:oracle:thin:@localhost:1521:xe" />
		<property name="user" value="tester" />
		<property name="password" value="1234" />
		<property name="maxPoolSize" value="100" />
		<property name="maxIdleTime" value="600" />
		<property name="idleConnectionTestPeriod" value="300" />
	</bean>

	<bean id="transactionManager"
		class="org.springframework.jdbc.datasource.DataSourceTransactionManager">
		<property name="dataSource" ref="dataSource" />
	</bean>

	<bean id="sqlSessionFactory"
		class="org.mybatis.spring.SqlSessionFactoryBean">
		<property name="dataSource" ref="dataSource" />
		<property name="configLocation"
			value="classpath:mybatis-config.xml" />
		<property name="mapperLocations"
			value="classpath:mappers/**/*-mapper.xml" />
	</bean>

	<bean id="sqlSessionTemplate"
		class="org.mybatis.spring.SqlSessionTemplate"
		destroy-method="clearCache">
		<constructor-arg ref="sqlSessionFactory" />
	</bean>




</beans>
