<?xml version="1.0" encoding="UTF-8"?>
<beans:beans
	xmlns="http://www.springframework.org/schema/mvc"
	xmlns:xsi="http://www.w3.org/2001/XMLSchema-instance"
	xmlns:mvc="http://www.springframework.org/schema/mvc"
	xmlns:beans="http://www.springframework.org/schema/beans"
	xmlns:context="http://www.springframework.org/schema/context"
	xmlns:task="http://www.springframework.org/schema/task"
	xmlns:security="http://www.springframework.org/schema/security"
	xsi:schemaLocation="http://www.springframework.org/schema/security 
	http://www.springframework.org/schema/security/spring-security-5.4.xsd
		http://www.springframework.org/schema/mvc 
		https://www.springframework.org/schema/mvc/spring-mvc.xsd
		http://www.springframework.org/schema/task 
		http://www.springframework.org/schema/task/spring-task-4.3.xsd
		http://www.springframework.org/schema/beans 
		https://www.springframework.org/schema/beans/spring-beans.xsd
		http://www.springframework.org/schema/context
		 https://www.springframework.org/schema/context/spring-context.xsd">

	<!-- DispatcherServlet Context: defines this servlet's request-processing 
		infrastructure -->

	<!-- Enables the Spring MVC @Controller programming model -->
	<annotation-driven />

	<!-- Handles HTTP GET requests for /resources/** by efficiently serving 
		up static resources in the ${webappRoot}/resources directory -->
	<resources mapping="/resources/**" location="/resources/" />

	<!-- Resolves views selected for rendering by @Controllers to .jsp resources 
		in the /WEB-INF/views directory -->
	<beans:bean
		class="org.springframework.web.servlet.view.InternalResourceViewResolver">
		<beans:property name="prefix" value="/WEB-INF/views/" />
		<beans:property name="suffix" value=".jsp" />
	</beans:bean>


	<context:component-scan
		base-package="com.group.exam" />

	<task:scheduler id="jobScheduler" pool-size="10" />
	<task:annotation-driven scheduler="jobScheduler" />


<!-- 	<beans:bean id="loginInterceptor" -->
<!-- 		class="com.group.exam.utils.interceptor.LoginInterceptor" /> -->
<!-- 	<interceptors> -->
<!-- 		<interceptor> -->
<!-- 			<mapping path="/**" /> -->
<!-- 			<beans:ref bean="loginInterceptor" /> -->
<!-- 		</interceptor> -->
<!-- 	</interceptors> -->


	<beans:bean id="multipartResolver"
		class="org.springframework.web.multipart.commons.CommonsMultipartResolver">
		<beans:property name="maxUploadSize" value="200000000" />
		<beans:property name="maxInMemorySize"
			value="200000000" />
	</beans:bean>

	<beans:bean id="mailSender"
		class="org.springframework.mail.javamail.JavaMailSenderImpl">
		<beans:property name="host" value="smtp.gmail.com" />
		<beans:property name="port" value="587" />
		<beans:property name="username"
			value="ejdd9630@gmail.com" />
		<beans:property name="password" value="****" />
		<beans:property name="javaMailProperties">
			<beans:props>
				<beans:prop key="mail.transport.protocol">smtp</beans:prop>
				<beans:prop key="mail.smtp.auth">true</beans:prop>
				<beans:prop key="mail.smtp.starttls.enable">true</beans:prop>
				<beans:prop key="mail.smtp.ssl.trust">smtp.gmail.com</beans:prop>
				<beans:prop key="mail.smtp.ssl.protocols">TLSv1.2</beans:prop>
				<beans:prop key="mail.debug">true</beans:prop>
			</beans:props>
		</beans:property>
	</beans:bean>

	<!-- security -->
	<beans:bean id="bcryptPasswordEncoder"
		class="org.springframework.security.crypto.bcrypt.BCryptPasswordEncoder"></beans:bean>

	<!-- NaverLoginBO Class에 대한 Bean설정 추가 -->
	<beans:bean id="naverLoginBO"
		class="com.group.exam.member.command.NaverLoginBO" />


</beans:beans>

